,T_bin_centers,T_PDF,fv_bin_centers,fv_PDF,fv_bins_centers
0,K,1/K,ppm,1/ppm,
1,299.51,0.0,,4742418057602.511,1.0501e-13
2,299.53,0.0,,2968485841.866147,3.1503e-13
3,299.55,0.0,,1222317699.5919425,5.250500000000001e-13
4,299.57,0.0,,1047700885.3645227,7.3507e-13
5,299.59000000000003,0.0,,1396934513.8193636,9.4509e-13
6,299.61,0.0,,698467256.9096811,1.15511e-12
7,299.63,0.0,,698467256.9096818,1.36513e-12
8,299.65,0.0,,349233628.4548409,1.57515e-12
9,299.67,0.0,,349233628.4548409,1.78517e-12
10,299.69,0.0,,523850442.68226135,1.99519e-12
11,299.71000000000004,0.0,,523850442.68226135,2.2052099999999996e-12
12,299.73,0.0,,523850442.68226033,2.41523e-12
13,299.75,0.0,,349233628.4548409,2.6252500000000004e-12
14,299.77,0.0,,523850442.68226135,2.83527e-12
15,299.78999999999996,0.0,,174616814.22742045,3.0452900000000002e-12
16,299.81,0.0,,349233628.4548409,3.2553099999999998e-12
17,299.83,0.0,,349233628.4548409,3.46533e-12
18,299.85,0.0,,349233628.4548409,3.67535e-12
19,299.87,0.0,,523850442.68226033,3.88537e-12
20,299.89,0.0,,349233628.45484155,4.09539e-12
21,299.90999999999997,0.0,,873084071.1371006,4.30541e-12
22,299.93,0.0,,349233628.45484155,4.5154299999999995e-12
23,299.95,0.0,,174616814.22742012,4.72545e-12
24,299.97,0.0,,174616814.22742012,4.93547e-12
25,299.99,0.0,,0.0,5.1454900000000005e-12
26,300.01,50.000000000045475,,349233628.45484024,5.35551e-12
27,300.03,0.0,,0.0,5.56553e-12
28,300.05,0.0,,174616814.22742012,5.77555e-12
29,300.07,0.0,,174616814.22742078,5.98557e-12
30,300.09000000000003,0.0,,0.0,6.19559e-12
31,300.11,0.0,,698467256.9096831,6.405609999999999e-12
32,300.13,0.0,,0.0,6.61563e-12
33,300.15,0.0,,0.0,6.82565e-12
34,300.17,0.0,,349233628.45484155,7.0356700000000005e-12
35,300.19,0.0,,0.0,7.245689999999999e-12
36,300.21000000000004,0.0,,0.0,7.45571e-12
37,300.23,0.0,,349233628.45484024,7.66573e-12
38,300.25,0.0,,0.0,7.87575e-12
39,300.27,0.0,,174616814.22742146,8.085769999999999e-12
40,300.28999999999996,0.0,,174616814.22742012,8.29579e-12
41,300.31,0.0,,0.0,8.50581e-12
42,300.33,0.0,,174616814.22742012,8.71583e-12
43,300.35,0.0,,174616814.22742012,8.92585e-12
44,300.37,0.0,,0.0,9.13587e-12
45,300.39,0.0,,349233628.45484024,9.34589e-12
46,300.40999999999997,0.0,,349233628.45484024,9.55591e-12
47,300.43,0.0,,0.0,9.76593e-12
48,300.45,0.0,,349233628.45484024,9.97595e-12
49,300.47,0.0,,0.0,1.018597e-11
50,300.49,0.0,,349233628.45484024,1.039599e-11
