,T_bin_centers,T_PDF,fv_bin_centers,fv_PDF,fv_bins_centers
0,K,1/K,ppm,1/ppm,
1,299.51,0.0,,533245906596.93756,9.3718e-13
2,299.53,0.0,,51612767.213770375,2.81154e-12
3,299.55,0.0,,28673759.56320577,4.6859000000000005e-12
4,299.57,0.0,,11469503.825282304,6.56026e-12
5,299.59000000000003,0.0,,5734751.912641152,8.434620000000001e-12
6,299.61,0.0,,22939007.650564626,1.030898e-11
7,299.63,0.0,,5734751.912641152,1.218334e-11
8,299.65,0.0,,0.0,1.4057700000000001e-11
9,299.67,0.0,,17204255.73792347,1.593206e-11
10,299.69,0.0,,5734751.912641147,1.7806420000000002e-11
11,299.71000000000004,0.0,,17204255.73792347,1.968078e-11
12,299.73,0.0,,28673759.563205786,2.155514e-11
13,299.75,0.0,,5734751.912641147,2.34295e-11
14,299.77,0.0,,0.0,2.530386e-11
15,299.78999999999996,0.0,,0.0,2.7178220000000003e-11
16,299.81,0.0,,0.0,2.9052580000000002e-11
17,299.83,0.0,,5734751.912641156,3.092694e-11
18,299.85,0.0,,0.0,3.28013e-11
19,299.87,0.0,,0.0,3.4675660000000005e-11
20,299.89,0.0,,0.0,3.6550020000000004e-11
21,299.90999999999997,0.0,,0.0,3.842438e-11
22,299.93,0.0,,5734751.912641156,4.029874e-11
23,299.95,0.0,,5734751.912641156,4.21731e-11
24,299.97,0.0,,0.0,4.404746e-11
25,299.99,0.0,,0.0,4.592182e-11
26,300.01,50.00000000004548,,0.0,4.7796180000000004e-11
27,300.03,0.0,,0.0,4.967054e-11
28,300.05,0.0,,5734751.912641156,5.15449e-11
29,300.07,0.0,,0.0,5.341926e-11
30,300.09000000000003,0.0,,0.0,5.5293620000000006e-11
31,300.11,0.0,,0.0,5.7167980000000005e-11
32,300.13,0.0,,0.0,5.904234e-11
33,300.15,0.0,,0.0,6.09167e-11
34,300.17,0.0,,11469503.825282313,6.279106e-11
35,300.19,0.0,,0.0,6.466542e-11
36,300.21000000000004,0.0,,0.0,6.653978e-11
37,300.23,0.0,,0.0,6.841414e-11
38,300.25,0.0,,0.0,7.028850000000001e-11
39,300.27,0.0,,0.0,7.216286000000001e-11
40,300.28999999999996,0.0,,5734751.912641156,7.403722000000001e-11
41,300.31,0.0,,0.0,7.591158000000001e-11
42,300.33,0.0,,0.0,7.778594e-11
43,300.35,0.0,,0.0,7.96603e-11
44,300.37,0.0,,5734751.912641156,8.153466e-11
45,300.39,0.0,,5734751.912641156,8.340902e-11
46,300.40999999999997,0.0,,0.0,8.528338e-11
47,300.43,0.0,,0.0,8.715774e-11
48,300.45,0.0,,5734751.912641156,8.90321e-11
49,300.47,0.0,,5734751.912641117,9.090646e-11
50,300.49,0.0,,5734751.9126411965,9.278082e-11
