,T_bin_centers,T_PDF,fv_bin_centers,fv_PDF,fv_bins_centers
0,K,1/K,ppm,1/ppm,
1,299.51,0.0,,81480075539.5293,6.1339e-12
2,299.53,0.0,,12135959.791036077,1.84017e-11
3,299.55,0.0,,6826477.382457792,3.0669500000000005e-11
4,299.57,0.0,,758497.4869397552,4.29373e-11
5,299.59000000000003,0.0,,1516994.9738795103,5.52051e-11
6,299.61,0.0,,0.0,6.74729e-11
7,299.63,0.0,,758497.4869397552,7.97407e-11
8,299.65,0.0,,0.0,9.20085e-11
9,299.67,0.0,,758497.4869397552,1.042763e-10
10,299.69,0.0,,0.0,1.165441e-10
11,299.71000000000004,0.0,,0.0,1.2881189999999998e-10
12,299.73,0.0,,758497.4869397535,1.410797e-10
13,299.75,0.0,,758497.4869397552,1.5334750000000002e-10
14,299.77,0.0,,0.0,1.656153e-10
15,299.78999999999996,0.0,,758497.4869397552,1.7788310000000002e-10
16,299.81,0.0,,0.0,1.9015089999999999e-10
17,299.83,0.0,,0.0,2.024187e-10
18,299.85,0.0,,0.0,2.1468649999999998e-10
19,299.87,0.0,,758497.4869397535,2.269543e-10
20,299.89,0.0,,0.0,2.3922209999999997e-10
21,299.90999999999997,0.0,,0.0,2.514899e-10
22,299.93,0.0,,0.0,2.637577e-10
23,299.95,0.0,,758497.4869397535,2.760255e-10
24,299.97,0.0,,0.0,2.882933e-10
25,299.99,0.0,,758497.4869397567,3.005611e-10
26,300.01,50.00000000004547,,0.0,3.128289e-10
27,300.03,0.0,,758497.4869397567,3.2509670000000003e-10
28,300.05,0.0,,0.0,3.373645e-10
29,300.07,0.0,,0.0,3.4963229999999997e-10
30,300.09000000000003,0.0,,0.0,3.619001e-10
31,300.11,0.0,,0.0,3.741679e-10
32,300.13,0.0,,758497.4869397535,3.864357e-10
33,300.15,0.0,,0.0,3.987035e-10
34,300.17,0.0,,0.0,4.109713e-10
35,300.19,0.0,,0.0,4.232391e-10
36,300.21000000000004,0.0,,0.0,4.355069e-10
37,300.23,0.0,,758497.4869397535,4.477747e-10
38,300.25,0.0,,0.0,4.600425e-10
39,300.27,0.0,,758497.4869397599,4.723103e-10
40,300.28999999999996,0.0,,0.0,4.845781e-10
41,300.31,0.0,,758497.4869397535,4.968458999999999e-10
42,300.33,0.0,,0.0,5.091137000000001e-10
43,300.35,0.0,,0.0,5.213815e-10
44,300.37,0.0,,0.0,5.336493e-10
45,300.39,0.0,,0.0,5.459171e-10
46,300.40999999999997,0.0,,758497.4869397535,5.581848999999999e-10
47,300.43,0.0,,758497.4869397535,5.704527000000001e-10
48,300.45,0.0,,0.0,5.827205e-10
49,300.47,0.0,,758497.4869397599,5.949883e-10
50,300.49,0.0,,758497.4869397535,6.072561e-10
