,T_bin_centers,T_PDF,fv_bin_centers,fv_PDF,fv_bins_centers
0,K,1/K,ppm,1/ppm,
1,299.51,0.0,,2.263137184433096e+18,2.2079e-19
2,299.53,0.0,,439754210984023.7,6.623699999999999e-19
3,299.55,0.0,,231449584728433.53,1.1039499999999998e-18
4,299.57,0.0,,138869750837060.12,1.54553e-18
5,299.59000000000003,0.0,,92579833891373.45,1.9871099999999997e-18
6,299.61,0.0,,92579833891373.38,2.4286899999999995e-18
7,299.63,0.0,,23144958472843.344,2.87027e-18
8,299.65,0.0,,23144958472843.363,3.31185e-18
9,299.67,0.0,,0.0,3.7534299999999996e-18
10,299.69,0.0,,23144958472843.363,4.195009999999999e-18
11,299.71000000000004,0.0,,0.0,4.636589999999999e-18
12,299.73,0.0,,0.0,5.07817e-18
13,299.75,0.0,,23144958472843.363,5.5197499999999995e-18
14,299.77,0.0,,0.0,5.96133e-18
15,299.78999999999996,0.0,,0.0,6.40291e-18
16,299.81,0.0,,46289916945686.73,6.8444899999999995e-18
17,299.83,0.0,,0.0,7.28607e-18
18,299.85,0.0,,0.0,7.727649999999999e-18
19,299.87,0.0,,0.0,8.169229999999999e-18
20,299.89,0.0,,23144958472843.363,8.610809999999999e-18
21,299.90999999999997,0.0,,0.0,9.052389999999998e-18
22,299.93,0.0,,0.0,9.49397e-18
23,299.95,0.0,,0.0,9.93555e-18
24,299.97,0.0,,23144958472843.363,1.037713e-17
25,299.99,0.0,,0.0,1.0818709999999999e-17
26,300.01,50.00000000004548,,0.0,1.1260289999999999e-17
27,300.03,0.0,,0.0,1.1701869999999999e-17
28,300.05,0.0,,46289916945686.56,1.214345e-17
29,300.07,0.0,,0.0,1.258503e-17
30,300.09000000000003,0.0,,0.0,1.302661e-17
31,300.11,0.0,,0.0,1.3468189999999999e-17
32,300.13,0.0,,23144958472843.363,1.390977e-17
33,300.15,0.0,,0.0,1.435135e-17
34,300.17,0.0,,0.0,1.479293e-17
35,300.19,0.0,,23144958472843.363,1.5234509999999998e-17
36,300.21000000000004,0.0,,0.0,1.5676089999999998e-17
37,300.23,0.0,,0.0,1.6117669999999998e-17
38,300.25,0.0,,23144958472843.363,1.6559249999999998e-17
39,300.27,0.0,,0.0,1.7000829999999997e-17
40,300.28999999999996,0.0,,0.0,1.7442409999999997e-17
41,300.31,0.0,,46289916945686.4,1.7883989999999997e-17
42,300.33,0.0,,0.0,1.832557e-17
43,300.35,0.0,,23144958472843.363,1.876715e-17
44,300.37,0.0,,0.0,1.920873e-17
45,300.39,0.0,,0.0,1.965031e-17
46,300.40999999999997,0.0,,23144958472843.363,2.009189e-17
47,300.43,0.0,,0.0,2.053347e-17
48,300.45,0.0,,23144958472843.363,2.0975049999999998e-17
49,300.47,0.0,,0.0,2.1416629999999998e-17
50,300.49,0.0,,46289916945686.73,2.1858209999999998e-17
