z (cm),r (cm),u'v' (m/s)^2,u'T' (m/s)K,v'T' (m/s)K
2,-4,0.00563045,30.4643,5.17188
2,-2,0.00500498,21.2256,3.34406
2,0,0.00530201,13.4412,1.8752
2,2,0.00374197,12.8314,1.3942
2,4,0.00242714,20.3271,3.25037
2,6,0.00109594,45.3359,7.96888
2,8,0.002859,51.0695,17.0497
2,10,0.0017155,34.8826,20.3275
2,12,0.000158814,14.0188,3.07441
2,14,0.00289773,10.1335,8.16669
2,16,0.000260912,0.0638473,0.0452181
