z (cm),r (cm),u'v' (m/s)^2,u'T' (m/s)K,v'T' (m/s)K
20,-4,0.11475,204.835,52.8604
20,-2,0.0928646,216.292,29.9337
20,0,0.0463511,208.715,2.73961
20,2,0.0221854,210.976,19.4649
20,4,0.0619078,207.161,39.5288
20,6,0.113985,196.192,62.9418
20,8,0.0991228,153.192,68.6102
20,10,0.112349,146.081,73.7731
20,12,0.0919033,112.829,64.941
20,14,0.0800721,85.3702,58.332
20,16,0.0556206,53.6374,39.9357
