z (cm),r (cm),u'v' (m/s)^2,u'T' (m/s)K,v'T' (m/s)K
18,-4,0.135089,195.435,64.5965
18,-2,0.120405,202.139,41.1013
18,0,0.0444101,175.868,2.31545
18,2,0.019141,198.501,19.3485
18,4,0.0739552,187.678,44.2922
18,6,0.0944654,170.748,58.565
18,8,0.0875888,133.835,56.3968
18,10,0.0948122,122.882,68.8621
18,12,0.0828086,105.498,63.8639
18,14,0.0305445,42.955,40.0164
18,16,0.0103767,13.9972,17.0944
