z (cm),r (cm),u'v' (m/s)^2,u'T' (m/s)K,v'T' (m/s)K
30,-4,0.17418,177.638,52.5928
30,-2,0.149294,226.783,32.0735
30,0,0.0116822,200.865,15.7763
30,2,0.112061,182.093,36.9895
30,4,0.124394,153.473,41.2828
30,6,0.147445,137.112,47.9167
30,8,0.109253,97.8484,43.0996
30,10,0.0700593,64.4454,31.7656
30,12,0.0779798,72.3731,49.9955
30,14,0.0410564,46.5342,32.1279
30,16,0.0331594,27.7039,24.672
