z (cm),r (cm),u'v' (m/s)^2,u'T' (m/s)K,v'T' (m/s)K
12,-4,0.045812,159.565,33.5903
12,-2,0.0245085,121.813,12.3938
12,0,0.020121,82.0378,2.4422
12,2,0.0119329,85.3105,6.23292
12,4,0.0467992,138.613,25.5282
12,6,0.0590781,181.801,47.5055
12,8,0.0782615,148.566,71.5208
12,10,0.0625497,106.069,77.7175
12,12,0.0492287,79.4943,62.3458
12,14,0.0450431,57.6924,57.9245
12,16,0.0166392,8.91205,12.776
