z (cm),r (cm),u'v' (m/s)^2,u'T' (m/s)K,v'T' (m/s)K
10,-4,0.054096,152.359,31.4578
10,-2,0.0525908,107.555,23.7546
10,0,0.00669135,77.3862,4.42611
10,2,0.00575653,109.553,4.63597
10,4,0.000273072,140.66,18.594
10,6,0.0114111,150.796,23.127
10,8,0.0446022,147.151,46.5713
10,10,0.0420307,93.2166,61.3424
10,12,0.0360811,70.1764,66.8707
10,14,0.0120368,28.391,42.1565
10,16,0.0036511,3.3893,8.63198
