z (cm),r (cm),u'v' (m/s)^2,u'T' (m/s)K,v'T' (m/s)K
16,-4,0.145309,209.707,56.6585
16,-2,0.0816204,185.923,29.4639
16,0,0.01928,169.57,7.07301
16,2,0.0606028,190.599,22.0605
16,4,0.101926,212.493,39.7057
16,6,0.110024,186.821,51.764
16,8,0.0863188,157.012,55.4994
16,10,0.0611145,91.7258,57.8312
16,12,0.042561,57.7878,46.6279
16,14,0.0273727,35.0027,31.7114
16,16,0.00858962,13.4938,15.2747
