s,kW,kg/s/m2
Time,HRR,MLRPUA
0.,24.6,0.01662
1000,24.6,0.01662
