s,kW,kg/s
Time,HRR,MLR
0.,24.6,0.001175
1000,24.6,0.001175
