z (cm),r (cm),u'v' (m/s)^2,u'T' (m/s)K,v'T' (m/s)K
14,-4,0.246188,72.1092,45.8939
14,-2,0.0605877,116.706,18.9838
14,0,0.0318053,104.81,6.66266
14,2,0.0166941,150.634,19.2011
14,4,0.0633909,179.188,37.5614
14,6,0.071886,139.463,54.8116
14,8,0.0692379,117.359,60.7912
14,10,0.0520068,81.5607,63.163
14,12,0.0501212,76.6394,85.4715
14,14,0.0284742,42.6487,52.8887
14,16,0.0114651,18.353,34.3477
