Time,HRR,MLR,MLRPUA,X_RAD
s,kW,kg/s,kg/s/m2,none
0,112.6,0.00253,0.03550,0.31
600,112.6,0.00253,0.03550,0.31