s,kW,kg/s,kg/m2/s,none
Time,HRR,MLR,MLRPUA,X_RAD
0,34.5,0.000689,0.00641,0.22
600,34.5,0.000689,0.00641,0.22
