s,kW,kg/s,kg/m2/s,none
Time,HRR,MLR,MLRPUA,X_RAD
0,20.7,0.000447,0.00416,0.23
600,20.7,0.000447,0.00416,0.23
