s,kW,kW,kW,kW,kW,kW,kW,kW,kW,kW,kg/s,kg/s,kg/s,kg/s,kg/s,kg/s,kg/s
Time,HRR,HRR_OX,Q_RADI,Q_CONV,Q_COND,Q_DIFF,Q_PRES,Q_PART,Q_ENTH,Q_TOTAL,MLR_AIR,MLR_PRODUCTS,MLR_INTERMEDIATE PRODUCTS 2,MLR_PRODUCTS 2,MLR_NITROGEN,MLR_PROPANE,MLR_PILOT FUEL
 0.0000000E+000, 0.0000000E+000, 0.0000000E+000,-2.5290144E-003, 1.0103503E-010, 0.0000000E+000, 0.0000000E+000, 0.0000000E+000, 0.0000000E+000, 0.0000000E+000,-2.5290143E-003, 0.0000000E+000, 0.0000000E+000, 0.0000000E+000, 0.0000000E+000, 0.0000000E+000, 0.0000000E+000, 0.0000000E+000
 1.0004841E+000, 3.1961251E+000, 0.0000000E+000,-5.0126078E-001, 4.4969153E-002,-2.7987257E-002, 2.5517728E-004, 0.0000000E+000,-2.3064513E-002, 2.6560977E+000, 2.6890369E+000, 3.2112000E-001, 0.0000000E+000, 0.0000000E+000, 0.0000000E+000, 0.0000000E+000, 7.8007097E-005, 9.5699960E-006
 2.0000622E+000, 7.5944477E+000, 0.0000000E+000,-1.5307255E+000,-4.3547129E+000,-1.4077159E-002, 9.3893521E-004, 0.0000000E+000,-4.4069638E-002, 1.6581895E+000, 1.6518014E+000, 3.2112000E-001, 0.0000000E+000, 0.0000000E+000, 0.0000000E+000, 0.0000000E+000, 1.5949916E-004, 1.9567531E-005
