s,kW,kW,kW,kW,kW,kW,kW,kW,kW,kW,kg/s,kg/s,kg/s,kg/s,kg/s,kg/s,kg/s
Time,HRR,HRR_OX,Q_RADI,Q_CONV,Q_COND,Q_DIFF,Q_PRES,Q_PART,Q_ENTH,Q_TOTAL,MLR_AIR,MLR_PRODUCTS,MLR_INTERMEDIATE PRODUCTS 2,MLR_PRODUCTS 2,MLR_NITROGEN,MLR_PROPYLENE,MLR_PILOT FUEL
 0.0000000E+000, 0.0000000E+000, 0.0000000E+000,-2.5290144E-003, 1.0103503E-010, 0.0000000E+000, 0.0000000E+000, 0.0000000E+000, 0.0000000E+000, 0.0000000E+000,-2.5290143E-003, 0.0000000E+000, 0.0000000E+000, 0.0000000E+000, 0.0000000E+000, 0.0000000E+000, 0.0000000E+000, 0.0000000E+000
 1.0006987E+000, 3.1966239E+000, 0.0000000E+000,-7.5237589E-001, 4.1779786E-002,-2.8630653E-002, 3.8445670E-004, 0.0000000E+000,-2.8740493E-002, 2.3969787E+000, 2.4290412E+000, 3.2112000E-001, 0.0000000E+000, 0.0000000E+000, 0.0000000E+000, 0.0000000E+000, 8.4124108E-005, 9.5724699E-006
