s,kW,kW,kW,kW,kW,kW,kW,kW,kW,kg/s,kg/s,kg/s,kg/s
Time,HRR,Q_RADI,Q_CONV,Q_COND,Q_DIFF,Q_PRES,Q_PART,Q_ENTH,Q_TOTAL,MLR_AIR,MLR_METHANOL,MLR_INTERMEDIATE PRODUCTS,MLR_PRODUCTS
 0.0000000E+000, 0.0000000E+000, 1.8541789E-004, 0.0000000E+000, 0.0000000E+000, 0.0000000E+000, 0.0000000E+000, 0.0000000E+000, 0.0000000E+000, 1.8541789E-004, 0.0000000E+000, 0.0000000E+000, 0.0000000E+000, 0.0000000E+000
 2.0003228E+000, 1.1423006E+001,-2.8128530E+000,-4.3694809E+000,-4.7548395E-001, 9.3507877E-004, 0.0000000E+000, 0.0000000E+000, 3.6052135E+000, 3.7661237E+000, 0.0000000E+000, 6.9137368E-004, 0.0000000E+000, 0.0000000E+000
 4.0004392E+000, 2.0699903E+001,-5.1161360E+000,-1.5593162E+001,-3.8644024E-001, 1.8322968E-003, 0.0000000E+000, 0.0000000E+000,-5.3909739E-001,-3.9400284E-001, 0.0000000E+000, 1.0333681E-003, 0.0000000E+000, 0.0000000E+000
 6.0000701E+000, 2.1914571E+001,-5.3925194E+000,-1.5438549E+001,-3.6931813E-001, 1.7140691E-003, 0.0000000E+000, 0.0000000E+000, 5.6747866E-001, 7.1589906E-001, 0.0000000E+000, 1.0424731E-003, 0.0000000E+000, 0.0000000E+000
 8.0000763E+000, 2.2234577E+001,-5.5967753E+000,-1.6070368E+001,-4.1243277E-001, 1.7965007E-003, 0.0000000E+000, 0.0000000E+000, 2.8054863E-003, 1.5679727E-001, 0.0000000E+000, 1.0426414E-003, 0.0000000E+000, 0.0000000E+000
