s,kW,kW,kW,kW,kW,kW,kW,kW,kW,kg/s,kg/s,kg/s,kg/s
Time,HRR,Q_RADI,Q_CONV,Q_COND,Q_DIFF,Q_PRES,Q_PART,Q_ENTH,Q_TOTAL,MLR_AIR,MLR_METHANOL,MLR_INTERMEDIATE PRODUCTS,MLR_PRODUCTS
 0.0000000E+000, 0.0000000E+000,-1.6501809E-005, 0.0000000E+000, 0.0000000E+000, 0.0000000E+000, 0.0000000E+000, 0.0000000E+000, 0.0000000E+000,-1.6501809E-005, 0.0000000E+000, 0.0000000E+000, 0.0000000E+000, 0.0000000E+000
 2.0017405E+000, 1.3882961E-001,-2.4409792E-002, 1.7317803E-003,-1.4795181E-002, 2.0878558E-005, 0.0000000E+000, 0.0000000E+000, 9.6991245E-002, 1.0137729E-001, 0.0000000E+000, 6.9680090E-006, 0.0000000E+000, 0.0000000E+000
 4.0003047E+000, 7.4439260E+000,-1.7817612E+000,-2.5226440E+000,-3.9066397E-001, 1.7831389E-003, 0.0000000E+000, 0.0000000E+000, 2.6789262E+000, 2.7506400E+000, 0.0000000E+000, 4.6549140E-004, 0.0000000E+000, 0.0000000E+000
 6.0002151E+000, 2.0781515E+001,-5.1302881E+000,-1.4918021E+001,-4.1107310E-001, 2.1771788E-003, 0.0000000E+000, 0.0000000E+000, 1.6070154E-001, 3.2430972E-001, 0.0000000E+000, 1.1027348E-003, 0.0000000E+000, 0.0000000E+000
 8.0002613E+000, 2.6567147E+001,-6.5401411E+000,-1.9107942E+001,-3.1222356E-001, 1.8269621E-003, 0.0000000E+000, 0.0000000E+000, 4.5362748E-001, 6.0866731E-001, 0.0000000E+000, 1.4023892E-003, 0.0000000E+000, 0.0000000E+000
 1.0000072E+001, 3.0597607E+001,-7.5207427E+000,-2.2146619E+001,-2.7991859E-001, 1.8260315E-003, 0.0000000E+000, 0.0000000E+000, 4.8938614E-001, 6.5215236E-001, 0.0000000E+000, 1.5247584E-003, 0.0000000E+000, 0.0000000E+000
