Beaulieu_2007 x,Beaulieu_2007 y
8.885604007555E-1,1.750000000000E2
4.937233280379E0,8.982758620690E1
1.298847742918E1,5.982758620690E1
2.795762503080E1,3.000000000000E1
3.801763075102E1,4.827586206897E0
