Q (kW),Flame height (m)
14.4,0.238570831
21.7,0.393878062
33,0.571125678
44.9,0.69718582
57.5,0.82506944