x,y,Y_PF,Y_He
-1.064262837789E-1,5.999185919684E-1,0.1,0.0708
1.173458103636E-1,5.999185919684E-1,0.1,0.0708
