x,y,Yvar,Yrms
-1.551451903711E-1,5.998278543284E-1,0.002,0.0447
1.751261037696E-1,6.003406728928E-1,0.002,0.0447
