X_O2,HRR,Eta,X_rad
0.21,14.21,1,0.35
0.17,14.27,1.004222379,0.33
0.15,14.21,1,0.3
0.12,13.92,0.979591837,0.2
0.1,13.6,0.957072484,0.14
0.095,13.3,0.935960591,0.12
0.09,12.33,0.867698804,0.1
0.085,9.17,0.645320197,0.07
0.08,1.76,0.123856439,0.01
