X_O2,HRR,Eta,X_rad
0.21,9484.696166,1,0.336243436
0.18,9410.851741,0.992214361,0.329830896
0.14,9324.018355,0.983059256,0.27283579
0.12,9232.825219,0.97344449,0.208159562
0.1,9060.403457,0.955265546,0.152652393
0.09,8226.294474,0.867322931,0.110771862
0.085,2386.809011,0.250602636,0.09954955
