Height-cm,Air-mean-SCM-5mm
7.5,5.163876759
11.25,6.600146721
15,9.867383103
22.5,13.47452355
30,13.22974661
37.5,11.9234502
45,9.062758117677514
52.5,5.95741099119490
67.5,2.180704087
