Radius (cm),0.5D,1.0D,1.5D,2.0D,2.5D,3.0D
0,107.096783,235.599055,286.055389,355.207106,404.448312,395.415281
5,250.106153,445.262192,423.892315,399.742240,382.430245,346.200123
10,0.347759,62.358822,232.393674,233.793304,218.581912,188.962167
