Radius (cm),0.5D,1.0D,1.5D,2.0D,2.5D,3.0D
0,98.312816,188.473915,204.083595,267.920602,318.635537,316.969449
5,201.134958,350.639644,332.920082,315.294033,305.420715,279.254134
10,0.003240,56.205618,200.691473,202.764837,184.275443,158.583916
